{"assets/images/.DS_Store":["assets/images/.DS_Store","assets/images/skills/.DS_Store"],"assets/images/about/study.png":["assets/images/about/study.png"],"assets/images/apps/bmi.png":["assets/images/apps/bmi.png"],"assets/images/bg.jpg":["assets/images/bg.jpg"],"assets/images/contact/email-pink.png":["assets/images/contact/email-pink.png"],"assets/images/contact/linkedin-pink.png":["assets/images/contact/linkedin-pink.png"],"assets/images/contact/phone-pink.png":["assets/images/contact/phone-pink.png"],"assets/images/github-black.png":["assets/images/github-black.png"],"assets/images/github-pink.png":["assets/images/github-pink.png"],"assets/images/github-white.png":["assets/images/github-white.png"],"assets/images/line-black.png":["assets/images/line-black.png"],"assets/images/line-pink.png":["assets/images/line-pink.png"],"assets/images/line-white.png":["assets/images/line-white.png"],"assets/images/logo.png":["assets/images/logo.png"],"assets/images/mash.png":["assets/images/mash.png"],"assets/images/mashd3v.gif":["assets/images/mashd3v.gif"],"assets/images/mashd3v.png":["assets/images/mashd3v.png"],"assets/images/projects/bmi-mobile.png":["assets/images/projects/bmi-mobile.png"],"assets/images/projects/bmi.png":["assets/images/projects/bmi.png"],"assets/images/projects/portfolio-mobile.png":["assets/images/projects/portfolio-mobile.png"],"assets/images/projects/portfolio.png":["assets/images/projects/portfolio.png"],"assets/images/projects/project-portafolio.png":["assets/images/projects/project-portafolio.png"],"assets/images/projects/project-purchase-and-acquisition.png":["assets/images/projects/project-purchase-and-acquisition.png"],"assets/images/projects/project-queues.png":["assets/images/projects/project-queues.png"],"assets/images/projects/project-socket-chat.png":["assets/images/projects/project-socket-chat.png"],"assets/images/projects/purchase-and-acquisition-mobile.png":["assets/images/projects/purchase-and-acquisition-mobile.png"],"assets/images/projects/purchase-and-acquisition.png":["assets/images/projects/purchase-and-acquisition.png"],"assets/images/projects/queues-mobile.png":["assets/images/projects/queues-mobile.png"],"assets/images/projects/queues.png":["assets/images/projects/queues.png"],"assets/images/projects/socket-chat-mobile.png":["assets/images/projects/socket-chat-mobile.png"],"assets/images/projects/socket-chat.png":["assets/images/projects/socket-chat.png"],"assets/images/shapes/shape_1.png":["assets/images/shapes/shape_1.png"],"assets/images/shapes/shape_2.png":["assets/images/shapes/shape_2.png"],"assets/images/shapes/shape_3.png":["assets/images/shapes/shape_3.png"],"assets/images/skills/.DS_Store":["assets/images/skills/.DS_Store"],"assets/images/skills/angular-black.png":["assets/images/skills/angular-black.png"],"assets/images/skills/angular-original.png":["assets/images/skills/angular-original.png"],"assets/images/skills/angular-pink.png":["assets/images/skills/angular-pink.png"],"assets/images/skills/angular-white.png":["assets/images/skills/angular-white.png"],"assets/images/skills/angular.png":["assets/images/skills/angular.png"],"assets/images/skills/css3-black.png":["assets/images/skills/css3-black.png"],"assets/images/skills/css3-original.png":["assets/images/skills/css3-original.png"],"assets/images/skills/css3-pink.png":["assets/images/skills/css3-pink.png"],"assets/images/skills/css3-white.png":["assets/images/skills/css3-white.png"],"assets/images/skills/css3.png":["assets/images/skills/css3.png"],"assets/images/skills/django-black.png":["assets/images/skills/django-black.png"],"assets/images/skills/django-original.png":["assets/images/skills/django-original.png"],"assets/images/skills/django-pink.png":["assets/images/skills/django-pink.png"],"assets/images/skills/django-white.png":["assets/images/skills/django-white.png"],"assets/images/skills/django.png":["assets/images/skills/django.png"],"assets/images/skills/flutter-black.png":["assets/images/skills/flutter-black.png"],"assets/images/skills/flutter-original.png":["assets/images/skills/flutter-original.png"],"assets/images/skills/flutter-pink.png":["assets/images/skills/flutter-pink.png"],"assets/images/skills/flutter-white.png":["assets/images/skills/flutter-white.png"],"assets/images/skills/flutter.png":["assets/images/skills/flutter.png"],"assets/images/skills/html5-black.png":["assets/images/skills/html5-black.png"],"assets/images/skills/html5-original.png":["assets/images/skills/html5-original.png"],"assets/images/skills/html5-pink.png":["assets/images/skills/html5-pink.png"],"assets/images/skills/html5-white.png":["assets/images/skills/html5-white.png"],"assets/images/skills/html5.png":["assets/images/skills/html5.png"],"assets/images/skills/javascript-black.png":["assets/images/skills/javascript-black.png"],"assets/images/skills/javascript-original.png":["assets/images/skills/javascript-original.png"],"assets/images/skills/javascript-pink.png":["assets/images/skills/javascript-pink.png"],"assets/images/skills/javascript-white.png":["assets/images/skills/javascript-white.png"],"assets/images/skills/javascript.png":["assets/images/skills/javascript.png"],"assets/images/skills/mongodb-black.png":["assets/images/skills/mongodb-black.png"],"assets/images/skills/mongodb-original.png":["assets/images/skills/mongodb-original.png"],"assets/images/skills/mongodb-pink.png":["assets/images/skills/mongodb-pink.png"],"assets/images/skills/mongodb-white.png":["assets/images/skills/mongodb-white.png"],"assets/images/skills/mongodb.png":["assets/images/skills/mongodb.png"],"assets/images/skills/mysql-black.png":["assets/images/skills/mysql-black.png"],"assets/images/skills/mysql-original.png":["assets/images/skills/mysql-original.png"],"assets/images/skills/mysql-pink.png":["assets/images/skills/mysql-pink.png"],"assets/images/skills/mysql-white.png":["assets/images/skills/mysql-white.png"],"assets/images/skills/mysql.png":["assets/images/skills/mysql.png"],"assets/images/skills/nodejs-black.png":["assets/images/skills/nodejs-black.png"],"assets/images/skills/nodejs-original.png":["assets/images/skills/nodejs-original.png"],"assets/images/skills/nodejs-pink.png":["assets/images/skills/nodejs-pink.png"],"assets/images/skills/nodejs-white.png":["assets/images/skills/nodejs-white.png"],"assets/images/skills/nodejs.png":["assets/images/skills/nodejs.png"],"assets/images/skills/python.png":["assets/images/skills/python.png"],"assets/images/web-black.png":["assets/images/web-black.png"],"assets/images/web-pink.png":["assets/images/web-pink.png"],"assets/images/web-white.png":["assets/images/web-white.png"],"fonts/Kollektif.ttf":["fonts/Kollektif.ttf"],"packages/awesome_dialog/assets/flare/error.flr":["packages/awesome_dialog/assets/flare/error.flr"],"packages/awesome_dialog/assets/flare/info.flr":["packages/awesome_dialog/assets/flare/info.flr"],"packages/awesome_dialog/assets/flare/info2.flr":["packages/awesome_dialog/assets/flare/info2.flr"],"packages/awesome_dialog/assets/flare/info_without_loop.flr":["packages/awesome_dialog/assets/flare/info_without_loop.flr"],"packages/awesome_dialog/assets/flare/question.flr":["packages/awesome_dialog/assets/flare/question.flr"],"packages/awesome_dialog/assets/flare/succes.flr":["packages/awesome_dialog/assets/flare/succes.flr"],"packages/awesome_dialog/assets/flare/succes_without_loop.flr":["packages/awesome_dialog/assets/flare/succes_without_loop.flr"],"packages/awesome_dialog/assets/flare/warning.flr":["packages/awesome_dialog/assets/flare/warning.flr"],"packages/awesome_dialog/assets/flare/warning_without_loop.flr":["packages/awesome_dialog/assets/flare/warning_without_loop.flr"],"packages/awesome_dialog/assets/rive/error.riv":["packages/awesome_dialog/assets/rive/error.riv"],"packages/awesome_dialog/assets/rive/info.riv":["packages/awesome_dialog/assets/rive/info.riv"],"packages/awesome_dialog/assets/rive/info_reverse.riv":["packages/awesome_dialog/assets/rive/info_reverse.riv"],"packages/awesome_dialog/assets/rive/question.riv":["packages/awesome_dialog/assets/rive/question.riv"],"packages/awesome_dialog/assets/rive/success.riv":["packages/awesome_dialog/assets/rive/success.riv"],"packages/awesome_dialog/assets/rive/warning.riv":["packages/awesome_dialog/assets/rive/warning.riv"],"packages/cupertino_icons/assets/CupertinoIcons.ttf":["packages/cupertino_icons/assets/CupertinoIcons.ttf"],"packages/fluttertoast/assets/toastify.css":["packages/fluttertoast/assets/toastify.css"],"packages/fluttertoast/assets/toastify.js":["packages/fluttertoast/assets/toastify.js"],"packages/font_awesome_flutter/lib/fonts/fa-brands-400.ttf":["packages/font_awesome_flutter/lib/fonts/fa-brands-400.ttf"],"packages/font_awesome_flutter/lib/fonts/fa-regular-400.ttf":["packages/font_awesome_flutter/lib/fonts/fa-regular-400.ttf"],"packages/font_awesome_flutter/lib/fonts/fa-solid-900.ttf":["packages/font_awesome_flutter/lib/fonts/fa-solid-900.ttf"],"packages/slimy_card/assets/flare/bottomSlime.flr":["packages/slimy_card/assets/flare/bottomSlime.flr"],"packages/slimy_card/assets/flare/topSlime.flr":["packages/slimy_card/assets/flare/topSlime.flr"]}